{"cameraMode":{"drawMode":0,"name":"Shaded","section":"Shading Mode"},"sceneLighting":true,"audioPlay":false,"sceneViewState":{"m_AlwaysRefresh":false,"showFog":true,"showSkybox":true,"showFlares":true,"showImageEffects":true,"showParticleSystems":true,"showVisualEffectGraphs":true,"m_FxEnabled":true},"in2DMode":false,"pivot":{"x":95.42215728759766,"y":16.9194393157959,"z":208.65708923339845},"rotation":{"x":-0.07523217797279358,"y":-0.012866009958088398,"z":0.0009707493591122329,"w":-0.9970829486846924},"size":3.7989895343780519,"orthographic":false}