{"cameraMode":{"drawMode":0,"name":"Shaded","section":"Shading Mode"},"sceneLighting":false,"audioPlay":false,"sceneViewState":{"m_AlwaysRefresh":false,"showFog":true,"showSkybox":false,"showFlares":true,"showImageEffects":true,"showParticleSystems":true,"showVisualEffectGraphs":true,"m_FxEnabled":true},"in2DMode":false,"pivot":{"x":258.7799987792969,"y":16.299999237060548,"z":294.19000244140627},"rotation":{"x":0.33292916417121889,"y":0.13708581030368806,"z":-0.048989616334438327,"w":0.9316568970680237},"size":1.299038052558899,"orthographic":false}