{"cameraMode":{"drawMode":0,"name":"Shaded","section":"Shading Mode"},"sceneLighting":false,"audioPlay":false,"sceneViewState":{"m_AlwaysRefresh":false,"showFog":true,"showSkybox":false,"showFlares":true,"showImageEffects":true,"showParticleSystems":true,"showVisualEffectGraphs":true,"m_FxEnabled":true},"in2DMode":false,"pivot":{"x":258.7799987792969,"y":16.299999237060548,"z":294.19000244140627},"rotation":{"x":0.2880713939666748,"y":-0.0008679915335960686,"z":0.00025905179791152477,"w":0.9576184153556824},"size":1.511603832244873,"orthographic":false}