{"cameraMode":{"drawMode":0,"name":"Shaded","section":"Shading Mode"},"sceneLighting":false,"audioPlay":false,"sceneViewState":{"m_AlwaysRefresh":false,"showFog":true,"showSkybox":false,"showFlares":true,"showImageEffects":true,"showParticleSystems":true,"showVisualEffectGraphs":true,"m_FxEnabled":true},"in2DMode":false,"pivot":{"x":-0.014549732208251953,"y":1.7886399030685425,"z":-0.9042096138000488},"rotation":{"x":-0.08742669224739075,"y":0.0889437347650528,"z":0.0078417444601655,"w":0.9921756386756897},"size":2.4247450828552248,"orthographic":false}