{"cameraMode":{"drawMode":0,"name":"Shaded","section":"Shading Mode"},"sceneLighting":true,"audioPlay":false,"sceneViewState":{"m_AlwaysRefresh":false,"showFog":true,"showSkybox":true,"showFlares":true,"showImageEffects":true,"showParticleSystems":true,"showVisualEffectGraphs":true,"m_FxEnabled":true},"in2DMode":false,"pivot":{"x":0.6643261909484863,"y":-0.6775634288787842,"z":-4.155122756958008},"rotation":{"x":0.1385706216096878,"y":0.3701514005661011,"z":-0.055943503975868228,"w":0.9168761372566223},"size":13.844152450561524,"orthographic":true}