{"cameraMode":{"drawMode":0,"name":"Shaded","section":"Shading Mode"},"sceneLighting":true,"audioPlay":false,"sceneViewState":{"m_AlwaysRefresh":false,"showFog":true,"showSkybox":true,"showFlares":true,"showImageEffects":true,"showParticleSystems":true,"showVisualEffectGraphs":true,"m_FxEnabled":true},"in2DMode":false,"pivot":{"x":3.5096216201782228,"y":16.321605682373048,"z":-17.202468872070314},"rotation":{"x":0.03828572481870651,"y":0.18891240656375886,"z":-0.00737106753513217,"w":0.9812231063842773},"size":17.675914764404298,"orthographic":true}