{"cameraMode":{"drawMode":0,"name":"Shaded","section":"Shading Mode"},"sceneLighting":false,"audioPlay":false,"sceneViewState":{"m_AlwaysRefresh":false,"showFog":true,"showSkybox":false,"showFlares":true,"showImageEffects":true,"showParticleSystems":true,"showVisualEffectGraphs":true,"m_FxEnabled":true},"in2DMode":false,"pivot":{"x":259.9484558105469,"y":16.442161560058595,"z":289.23736572265627},"rotation":{"x":0.5864807963371277,"y":0.004125253297388554,"z":-0.0029886504635214807,"w":0.8099585175514221},"size":2.264768123626709,"orthographic":false}