{"cameraMode":{"drawMode":0,"name":"Shaded","section":"Shading Mode"},"sceneLighting":false,"audioPlay":false,"sceneViewState":{"m_AlwaysRefresh":false,"showFog":true,"showSkybox":false,"showFlares":true,"showImageEffects":true,"showParticleSystems":true,"showVisualEffectGraphs":true,"m_FxEnabled":true},"in2DMode":false,"pivot":{"x":259.9635314941406,"y":16.645505905151368,"z":288.8380126953125},"rotation":{"x":0.00015736396017018706,"y":-0.9846986532211304,"z":0.17431627213954926,"w":0.0008763598161749542},"size":1.7498780488967896,"orthographic":false}